# 入力読み	許容するakaza出力	corpus期待値	理由
# このファイルに記載されたパターンは、evaluate の BAD カウントから除外される。
# 注意: Wikipedia由来の珍語（艦級等）が正解になるケースは accept に入れないこと。
あいしてもいいことはない	愛してもいいことはない	愛しても良い事は無い	style:無い→ない,良い→いい,事→こと
あきはばらでみていたものと	秋葉原で見ていたものと	秋葉原で見ていた物と	style:物→もの
あそぶつもりでしたか？	遊ぶつもりでしたか？	遊ぶつもりでしたか?	punctuation_style
あたらしいなかまとのであいのきっかけになればいい	新しい仲間との出会いのきっかけになればいい	新しい仲間との出会いのきっかけになれば良い	style:良い→いい
あてはまるもの	当てはまるもの	当てはまる物	style:物→もの
あとすこしでいいところまでとうたつする	あと少しでいいところまで到達する	あと少しで良い所まで到達する	style:良い→いい
あなたのきちはすべてわたしのものです	あなたの基地は全て私のものです	あなたの基地は全て私の物です	style:物→もの
あなたはいぬはおすき？	あなたは犬はお好き？	あなたは犬はお好き?	punctuation_style
あなたはどうおもうよ？	あなたはどう思うよ？	あなたはどう思うよ?	punctuation_style
あのおかまであなたのとちですか？	あの丘まであなたの土地ですか？	あの丘まであなたの土地ですか?	punctuation_style
あらためてなのるほどのこともない	改めて名乗るほどのこともない	改めて名乗るほどの事も無い	style:無い→ない,事→こと
ありえないもの	ありえないもの	ありえない物	style:物→もの
あれもほんらいはほとんどないものらしいです	あれも本来はほとんどないものらしいです	あれも本来はほとんど無い物らしいです	style:無い→ない,物→もの
あんてなたんしがあたらしいものとかわっていなければ	アンテナ端子が新しいものと変わっていなければ	アンテナ端子が新しい物と変わっていなければ	style:物→もの
あんまりこころあたりがない	あんまり心当たりがない	あんまり心当たりが無い	style:無い→ない
いいともおもえない	いいとも思えない	良いとも思えない	style:良い→いい
いいばしょないですかね	いい場所ないですかね	良い場所無いですかね	style:無い→ない,良い→いい
いいほんやく	いい翻訳	良い翻訳	style:良い→いい
いえでまでしごとのことはかんがえたくない？	家でまで仕事のことは考えたくない？	家でまで仕事のことは考えたくない?	punctuation_style
いしょうきせたっていみないって。	衣装着せたって意味ないって。	衣装着せたって意味無いって。	style:無い→ない
いただいためーるへのへんじはまたつぎに	いただいたメールへの返事はまた次に	頂いたメールへの返事はまた次に	style:other
いたるところにけっかんがあります。	至るところに欠陥があります。	至る所に欠陥があります。	style:other
いったことないので、	行ったことないので、	行ったこと無いので、	style:無い→ない
いぬようはないですからねえ。	犬用はないですからねえ。	犬用は無いですからねえ。	style:無い→ない
いのちにべつじょうはない	命に別状はない	命に別状は無い	style:無い→ない
いまのところはすべてかいてありますけど、	今のところは全て書いてありますけど、	今の所は全て書いてありますけど、	style:other
いままできいたことないさっきょくかを	今まで聞いたことない作曲家を	今まで聞いたこと無い作曲家を	style:無い→ない
いままでみたことのないおおきさのものをみた	今まで見たことのない大きさのものを見た	今まで見たことのない大きさの物を見た	style:物→もの
いらすとがいいところばかりでとてもよかったのがいんしょうてきです	イラストがいいところばかりでとても良かったのが印象的です	イラストがいいところばかりでとてもよかったのが印象的です	style:良かった→よかった
いれかえたほうが	入れ替えたほうが	入れ替えた方が	style:方→ほう
いろいろしこんでおく	いろいろ仕込んでおく	色々仕込んでおく	style:色々→いろいろ
いろいろためしたところ、	いろいろ試したところ、	色々試したところ、	style:色々→いろいろ
いろいろとようきゅうがあるので	いろいろと要求があるので	色々と要求があるので	style:色々→いろいろ
いろんなものをつくっているようです	いろんなものを作っているようです	いろんな物を作っているようです	style:物→もの
いろんはないですよね。	異論はないですよね。	異論は無いですよね。	style:無い→ない
うすがたてれびさえもおくばしょがないな	薄型テレビさえも置く場所がないな	薄型テレビさえも置く場所が無いな	style:無い→ない
うすがたてれびをかったが、おくばしょがないのがこまりどころだ	薄型テレビを買ったが、置く場所がないのが困りどころだ	薄型テレビを買ったが、置く場所が無いのが困りどころだ	style:無い→ない
うみのものともやまのものともつかない	海のものとも山のものともつかない	海の物とも山の物ともつかない	style:物→もの
えいきょうりょくはないだろ。	影響力はないだろ。	影響力は無いだろ。	style:無い→ない
えんぎのあるぶたいであれば、かしゅはいろいろとうごくわけですが、	演技のある舞台であれば、歌手はいろいろと動くわけですが、	演技のある舞台であれば、歌手は色々と動くわけですが、	style:色々→いろいろ
おくばしょがない	置く場所がない	置く場所が無い	style:無い→ない
おくばにものがはさまる	奥歯にものが挟まる	奥歯に物が挟まる	style:物→もの
おしとおしたほうがいいのか	押し通したほうがいいのか	押し通した方がいいのか	style:方→ほう
おどされてのことだった	脅されてのことだった	脅されての事だった	style:事→こと
おなじもの	同じもの	同じ物	style:物→もの
おりるほうがあっとうてきにらくだ	降りるほうが圧倒的に楽だ	降りる方が圧倒的に楽だ	style:方→ほう
かいはつがよういなことから	開発が容易なことから	開発が容易な事から	style:事→こと
かいはつちゅうのものにあんいにてをださないようにする	開発中のものに安易に手を出さないようにする	開発中の物に安易に手を出さないようにする	style:物→もの
かうつもりはさらさらないので、	買うつもりはさらさらないので、	買うつもりはさらさら無いので、	style:無い→ない
かえりのでんしゃのなかでいろいろとおしえてもらった	帰りの電車の中で色々と教えてもらった	帰りの電車の中でいろいろと教えてもらった	style:other
かえれないところだった	帰れないところだった	帰れない所だった	style:other
かがくてきなこんきょはない	科学的な根拠はない	科学的な根拠は無い	style:無い→ない
かこのことはもうわすれて、	過去のことはもう忘れて、	過去の事はもう忘れて、	style:事→こと
かざりけのない	飾り気のない	飾り気の無い	style:無い→ない
かねとってもなっとくするようなもの	金取っても納得するようなもの	金取っても納得するような物	style:物→もの
かろんずることがないように	軽んずることがないように	軽んずることが無いように	style:無い→ない
がいこうほうしんにてんかんはない	外交方針に転換はない	外交方針に転換は無い	style:無い→ない
がっこうではない	学校ではない	学校では無い	style:無い→ない
がんばってほしいところである	頑張ってほしいところである	頑張ってほしい所である	style:other
きいたことないけど	聞いたことないけど	聞いたこと無いけど	style:無い→ない
きいてみたいところです。	聞いてみたいところです。	聞いてみたい所です。	style:other
きかくしてはどうでしょうか？	企画してはどうでしょうか？	企画してはどうでしょうか?	punctuation_style
きかくものっぽいです。	企画ものっぽいです。	企画物っぽいです。	style:物→もの
きどうするのがおそいだけだということがわかった	起動するのが遅いだけだということがわかった	起動するのが遅いだけだということが分かった	style:分かる→わかる
きになるところだが	気になるところだが	気になる所だが	style:other
きのうならよかった	昨日ならよかった	昨日なら良かった	style:良かった→よかった
きのうよりいいてんき	昨日よりいい天気	昨日より良い天気	style:良い→いい
きゃすともよかったですね	キャストも良かったですね	キャストもよかったですね	style:良かった→よかった
きょうはいいてんきですね	今日はいい天気ですね	今日は良い天気ですね	style:良い→いい
きょねんのものにたいしてです。	去年のものに対してです。	去年の物に対してです。	style:物→もの
きりわけたほうがよいですね。	切り分けたほうが良いですね。	切り分けた方が良いですね。	style:方→ほう
きんきゅうどがたかいもの	緊急度が高いもの	緊急度が高い物	style:物→もの
きんきゅうどのひくいもの	緊急度の低いもの	緊急度の低い物	style:物→もの
きんようびのしんやだから？	金曜日の深夜だから？	金曜日の深夜だから?	punctuation_style
ぎわくにかんしてしゃくめいするよていはない	疑惑に関して釈明する予定はない	疑惑に関して釈明する予定は無い	style:無い→ない
ぎんえんかめらはしゅみのひとのためのものになってしまった。	銀塩カメラは趣味の人のためのものになってしまった。	銀塩カメラは趣味の人のための物になってしまった。	style:物→もの
くったくのないひょうじょう	屈託のない表情	屈託の無い表情	style:無い→ない
くもひとつないえんてんかで	雲一つない炎天下で	雲一つ無い炎天下で	style:無い→ない
くるまにつんだほうがいいとおもう	車に積んだほうがいいと思う	車に積んだ方がいいと思う	style:方→ほう
けっきょくどれにでるのでしょうか？	結局どれに出るのでしょうか？	結局どれに出るのでしょうか?	punctuation_style
けっしてそんなことはないとおもいます	決してそんなことはないと思います	決してそんなことは無いと思います	style:無い→ない
げんいんがわかったので	原因が分かったので	原因がわかったので	style:分かる→わかる
げんさくとでざいんのふんいきがちがいすぎてよくわからない	原作とデザインの雰囲気が違いすぎてよくわからない	原作とデザインの雰囲気が違いすぎてよく分からない	style:分かる→わかる
こうかいきかんがあるので、あせってみるひつようはないですが。	公開期間があるので、焦って見る必要はないですが。	公開期間があるので、焦って見る必要は無いですが。	style:無い→ない
こうかんがえればいい	こう考えればいい	こう考えれば良い	style:良い→いい
こうかんがえればいい	こう考えればいい	こう考えれば良い	style:良い→いい
こうせいにはへんこうないとのことです	構成には変更ないとのことです	構成には変更無いとのことです	style:無い→ない
こころがけたほうが	心がけたほうが	心がけた方が	style:方→ほう
こだわりはない	こだわりはない	こだわりは無い	style:無い→ない
こっちではなんかかうかも	こっちではなんか買うかも	こっちでは何か買うかも	style:other
ことここにいたっては	ことここに至っては	事ここに至っては	style:事→こと
このいぬはよくなきますか？	この犬はよく鳴きますか？	この犬はよく鳴きますか?	punctuation_style
このこはかなしくてないているのですか？	この子は悲しくて泣いているのですか？	この子は悲しくて泣いているのですか?	punctuation_style
このじしんによるつなみのしんぱいはない	この地震による津波の心配はない	この地震による津波の心配は無い	style:無い→ない
このすずむしはよくなきますか？	この鈴虫はよく鳴きますか？	この鈴虫はよく鳴きますか?	punctuation_style
このとりはよくなきますか？	この鳥はよく鳴きますか？	この鳥はよく鳴きますか?	punctuation_style
このねこはよくなきますか？	この猫はよく鳴きますか？	この猫はよく鳴きますか?	punctuation_style
このはなしは、これでおしまい。	この話は、これでおしまい。	この話は,これでおしまい。	punctuation_style
このひときょねんもおうぼしてませんでしたっけ？	この人去年も応募してませんでしたっけ？	この人去年も応募してませんでしたっけ?	punctuation_style
このへやにしゅうのうはありますか？	この部屋に収納はありますか？	この部屋に収納はありますか?	punctuation_style
これでいいのかしらんけどな	これでいいのか知らんけどな	これで良いのか知らんけどな	style:良い→いい
これでいいのかどうかしりませんが	これでいいのかどうか知りませんが	これで良いのかどうか知りませんが	style:良い→いい
これはばぐだとはんだんしてよろしいでしょうか？	これはバグだと判断してよろしいでしょうか？	これはバグだと判断してよろしいでしょうか?	punctuation_style
これをつかおうか？	これを使おうか？	これを使おうか?	punctuation_style
これをつかおうなんておもってる？	これを使おうなんて思ってる？	これを使おうなんて思ってる?	punctuation_style
こんきはれぎゅらーないような	今季はレギュラーないような	今季はレギュラー無いような	style:無い→ない
こんなことかいて	こんなこと書いて	こんな事書いて	style:事→こと
こんなところにもくるんだなぁ	こんなところにも来るんだなぁ	こんな所にも来るんだなぁ	style:other
こんなにかわいいのにおとこのこのはずがない	こんなに可愛いのに男の子のはずがない	こんなに可愛いのに男の子のはずが無い	style:無い→ない
こんなのぬげばいい	こんなの脱げばいい	こんなの脱げば良い	style:良い→いい
こんなんでよいのかな？	こんなんで良いのかな？	こんなんで良いのかな?	punctuation_style
ごかくにんください。	ご確認ください。	ご確認下さい。	style:下さい→ください
ごぜんちゅうにはぷれすりりーすがでていたのですが、いつのまにかきえていました	午前中にはプレスリリースが出ていたのですが、いつの間にか消えていました	午前中にはプレスリリースが出ていたのですが,いつの間にか消えていました	punctuation_style
さいしんのあっぷでーとまであげておけば？	最新のアップデートまで上げておけば？	最新のアップデートまで上げておけば?	punctuation_style
さいだいちをもとめるところでいっぱいつかってるようなきがします	最大値を求めるところでいっぱい使ってるような気がします	最大値を求める所でいっぱい使ってるような気がします	style:other
さがみこをすぎたところでみぎがわしゃせんをはしっていた	相模湖を過ぎたところで右側車線を走っていた	相模湖を過ぎた所で右側車線を走っていた	style:other
さんしょうわたしをつかうといろいろややこしいもんだいがおきる	参照渡しを使うと色々ややこしい問題が起きる	参照渡しを使うといろいろややこしい問題が起きる	style:other
さーびすのほうがいいんじゃねーの、とおもいますよ	サービスの方がいいんじゃねーの、と思いますよ	サービスのほうがいいんじゃねーの、と思いますよ	style:方→ほう
ざいりょうがまったくないためうれたんでだいようした	材料が全くないためウレタンで代用した	材料が全く無いためウレタンで代用した	style:無い→ない
ざっしはよまないひとだったっけ？	雑誌は読まない人だったっけ？	雑誌は読まない人だったっけ?	punctuation_style
しおのほうがおいしかったですよ	塩の方が美味しかったですよ	塩の方がおいしかったですよ	style:other
しかしなんかびみょうなよかん	しかしなんか微妙な予感	しかし何か微妙な予感	style:other
しきんじゅようがていちょうなことから	資金需要が低調なことから	資金需要が低調な事から	style:事→こと
しごとのこと	仕事のこと	仕事の事	style:事→こと
しごとのこと	仕事のこと	仕事の事	style:事→こと
しごのことは	死後のことは	死後の事は	style:事→こと
しじょうをくいあうしんぱいはない。	市場を食い合う心配はない。	市場を食い合う心配は無い。	style:無い→ない
しつれいながらもくてきをおたずねしてよろしいでしょうか？	失礼ながら目的をお尋ねしてよろしいでしょうか？	失礼ながら目的をお尋ねしてよろしいでしょうか?	punctuation_style
しゅくじつでしたか？	祝日でしたか？	祝日でしたか?	punctuation_style
しょうぶすべきところでしょうぶする	勝負すべきところで勝負する	勝負すべき所で勝負する	style:other
しょっきだなをおくばしょがないなとおもった	食器棚を置く場所がないなと思った	食器棚を置く場所が無いなと思った	style:無い→ない
しるなしたんたんめんはおいしい	汁無し坦々麺は美味しい	汁無し坦々麺はおいしい	style:other
しるなしたんたんめんをつくれますか？	汁無し坦々麺を作れますか？	汁無し坦々麺を作れますか?	punctuation_style
しんこくにかんがえこむはなしではない	深刻に考え込む話ではない	深刻に考え込む話では無い	style:無い→ない
しんぷるでうつくしくせんれんされたもの	シンプルで美しく洗練されたもの	シンプルで美しく洗練された物	style:物→もの
じかんがない	時間がない	時間が無い	style:無い→ない
じかんのないなかで	時間のない中で	時間の無い中で	style:無い→ない
じぶんでみつけなくてはいみがない	自分で見つけなくては意味がない	自分で見つけなくては意味が無い	style:無い→ない
じぶんのことはべつとしてつぎのばーじょんはだれがつくるんでしょうかね	自分のことは別として次のバージョンは誰が作るんでしょうかね	自分の事は別として次のバージョンは誰が作るんでしょうかね	style:事→こと
じゅうにしちょうなんですか？	十二指腸なんですか？	十二指腸なんですか?	punctuation_style
じゅかいのみつどのこさがわかる	樹海の密度の濃さがわかる	樹海の密度の濃さが分かる	style:分かる→わかる
じょうけんがくうもじれつのものがあるので	条件が空文字列のものがあるので	条件が空文字列の物があるので	style:物→もの
じょうじょうしゃくりょうのよちがない	情状酌量の余地がない	情状酌量の余地が無い	style:無い→ない
じょうじょうするきがないなら	上場する気がないなら	上場する気が無いなら	style:無い→ない
せいじてきやしんはない	政治的野心はない	政治的野心は無い	style:無い→ない
せっせんのときにじぶんのことだとしゅちょうするやつがいる	接戦の時に自分のことだと主張する奴がいる	接戦の時に自分の事だと主張する奴がいる	style:事→こと
ぜんごのないようもきーにするものなどいろいろあります	前後の内容もキーにするものなど色々あります	前後の内容もキーにするものなどいろいろあります	style:other
ぜんたいてきにとういつをおこなったほうがいいでしょう	全体的に統一を行った方がいいでしょう	全体的に統一を行ったほうがいいでしょう	style:方→ほう
そういうはなしはあまりない	そういう話はあまりない	そういう話はあまり無い	style:無い→ない
そういうものをちょくしするのはさけたほうがいい	そういうものを直視するのは避けた方がいい	そういうものを直視するのは避けた方が良い	style:良い→いい
そうおもったところで	そう思ったところで	そう思った所で	style:other
そうかんがえればいい	そう考えればいい	そう考えれば良い	style:良い→いい
そこそこちいさいのでげーむをつくるのにいいかも	そこそこ小さいのでゲームを作るのにいいかも	そこそこ小さいのでゲームを作るのに良いかも	style:良い→いい
そのてのせつびはだいがくにしかないとおもっていました	その手の設備は大学にしかないと思っていました	その手の設備は大学にしか無いと思っていました	style:無い→ない
そのてのわだいはひかえたほうがいいのではありませんか？	その手の話題は控えた方がいいのではありませんか？	その手の話題は控えた方が良いのではありませんか?	style:良い→いい,?→？
そのひをさいこうのえがおでむかえていただくため、	その日を最高の笑顔で迎えていただくため、	その日を最高の笑顔で迎えて頂くため、	style:other
そのもんだいをあつかったことはない	その問題を扱ったことはない	その問題を扱った事はない	style:事→こと
そのようなけつろんがだせるじょうきょうではない	そのような結論が出せる状況ではない	そのような結論が出せる状況では無い	style:無い→ない
それはもうかこのことです	それはもう過去のことです	それはもう過去の事です	style:事→こと
それをなんとかするりそーすはない	それを何とかするリソースはない	それを何とかするリソースは無い	style:無い→ない
そろそろいろいろとやばくなってきた	そろそろいろいろとやばくなってきた	そろそろ色々とやばくなってきた	style:色々→いろいろ
そんなかんたんなげんいんだったのですか？	そんな簡単な原因だったのですか？	そんな簡単な原因だったのですか?	punctuation_style
そんなことができるかなと	そんなことができるかなと	そんな事ができるかなと	style:事→こと
そんなことのないようおねがいします	そんなことのないようお願いします	そんな事の無いようお願いします	style:無い→ない,事→こと
そんなことはないとだんげんしてほしいところですが	そんなことはないと断言してほしいところですが	そんなことは無いと断言してほしいところですが	style:無い→ない
そんなことはまったくないです。	そんなことは全くないです。	そんなことは全く無いです。	style:無い→ない
そんなところだけおーぷんそーすにされてもこまる	そんなところだけオープンソースにされても困る	そんな所だけオープンソースにされても困る	style:other
そんなところでかいぜんがみられてもいみがない	そんなところで改善が見られても意味がない	そんな所で改善が見られても意味が無い	style:無い→ない
そんなところではなくて、	そんなところではなくて、	そんな所ではなくて、	style:other
そんなところにおもしろいものがあるわけでもなし。	そんなところに面白いものがあるわけでもなし。	そんな所に面白い物があるわけでもなし。	style:物→もの
そんなところにこうこくだしてもおれしかみないです	そんなところに広告出しても俺しか見ないです	そんな所に広告出しても俺しか見ないです	style:other
そんなはなしなどきいたことがない	そんな話など聞いたことがない	そんな話など聞いたことが無い	style:無い→ない
たいしたことはないとおもわれるかもしれないが	大したことはないと思われるかもしれないが	大したことは無いと思われるかもしれないが	style:無い→ない
たいとるのものはどうでもよかったんじゃないかというきが	タイトルのものはどうでも良かったんじゃないかという気が	タイトルのものはどうでもよかったんじゃないかという気が	style:良かった→よかった
たいへんしつれいいたしました	大変失礼いたしました	大変失礼致しました	style:other
たすくまねーじゃーをひらいてください	タスクマネージャーを開いてください	タスクマネージャーを開いて下さい	style:下さい→ください
たにんとおなじことをいくらけんめいにやってもいみはない	他人と同じことをいくら懸命にやっても意味はない	他人と同じ事をいくら懸命にやっても意味は無い	style:無い→ない,事→こと
たのしんでいただけましたか？	楽しんでいただけましたか？	楽しんでいただけましたか?	punctuation_style
ちかいもの	近いもの	近い物	style:物→もの
ちょっとすごいところですよ。	ちょっとすごいところですよ。	ちょっとすごい所ですよ。	style:other
つくえにものをおく	机にものを置く	机に物を置く	style:物→もの
つくってもらったものとはけっこうちがいます	作ってもらったものとは結構違います	作ってもらった物とは結構違います	style:物→もの
つごうがつけばでるようにしますがまだわかりません	都合がつけば出るようにしますがまだわかりません	都合がつけば出るようにしますがまだ分かりません	style:分かる→わかる
てれびをおくばしょがないな	テレビを置く場所がないな	テレビを置く場所が無いな	style:無い→ない
でるまくはない	出る幕はない	出る幕は無い	style:無い→ない
でんしゃじこならあるけばいい	電車事故なら歩けばいい	電車事故なら歩けば良い	style:良い→いい
とうけいてきしゅほうをつかうほうめんでいろいろとあたらしいぎじゅつがある	統計的手法を使う方面で色々と新しい技術がある	統計的手法を使う方面でいろいろと新しい技術がある	style:other
とかすもの	溶かすもの	溶かす物	style:物→もの
とくひつすべきてんはほとんどない	特筆すべき点はほとんどない	特筆すべき点はほとんど無い	style:無い→ない
ところかまわず	ところ構わず	所構わず	style:other
ところかわればしなかわる	ところ変われば品変わる	所変われば品変わる	style:other
とてもおいしいです	とても美味しいです	とてもおいしいです	style:other
とてもおいしいです	とても美味しいです	とてもおいしいです	style:other
どうかわったのかな？	どう変わったのかな？	どう変わったのかな?	punctuation_style
どうかんがえればいい	どう考えればいい	どう考えれば良い	style:良い→いい
どうじにしゅうりょうしたのか？	同時に終了したのか？	同時に終了したのか?	punctuation_style
どうじにつかわれることが	同時に使われることが	同時に使われる事が	style:事→こと
どこにいきたいのかな？	どこに行きたいのかな？	どこに行きたいのかな?	punctuation_style
どこまでがほんとうかわかるってもんだ。	どこまでが本当かわかるってもんだ。	どこまでが本当か分かるってもんだ。	style:分かる→わかる
どっかいりょくのないゆとり	読解力のないゆとり	読解力の無いゆとり	style:無い→ない
どっちかがしねばいいのですか？	どっちかが死ねばいいのですか？	どっちかが死ねばいいのですか?	punctuation_style
ないじょうたいに	ない状態に	無い状態に	style:無い→ない
なぜおこっているのかわからない	なぜ怒っているのかわからない	なぜ怒っているのか分からない	style:分かる→わかる
なにがたべられるのかよくわかりません。	何が食べられるのかよくわかりません。	何が食べられるのかよく分かりません。	style:分かる→わかる
なまえはまだない	名前はまだない	名前はまだ無い	style:無い→ない
なまえはまだない	名前はまだない	名前はまだ無い	style:無い→ない
なまでこういうのみるのもいいですよ	生でこういうの見るのもいいですよ	生でこういうの見るのも良いですよ	style:良い→いい
なんいどのさじかげんがわからないらしい	難易度のさじ加減がわからないらしい	難易度のさじ加減が分からないらしい	style:分かる→わかる
なんかいいらのべがあるといいんですけど	なんかいいラノベがあるといいんですけど	何かいいラノベがあるといいんですけど	style:other
なんかいためしてみましたか？	何回試してみましたか？	何回試してみましたか?	punctuation_style
なんかうごきそうですよ	なんか動きそうですよ	何か動きそうですよ	style:other
なんかきたいされているようですが	なんか期待されているようですが	何か期待されているようですが	style:other
なんかさいきんいろんなところでしてるとおもいます	なんか最近いろんなところでしてると思います	何か最近いろんなところでしてると思います	style:other
なんかたのしそうだな	なんか楽しそうだな	何か楽しそうだな	style:other
なんかのぱっけーじの	なんかのパッケージの	何かのパッケージの	style:other
なんかびみょうなわりあてになってる	なんか微妙な割り当てになってる	何か微妙な割り当てになってる	style:other
なんかべつのいみでこわい	なんか別の意味で怖い	何か別の意味で怖い	style:other
なんかほんしつからかけはなれたはなしばかりで	なんか本質からかけ離れた話ばかりで	何か本質からかけ離れた話ばかりで	style:other
なんかむじゅんしてるような	なんか矛盾してるような	何か矛盾してるような	style:other
なんかわからんことがあったらなげてください	なんかわからんことがあったら投げてください	何かわからんことがあったら投げてください	style:other
なんでそんなところにみぶんしょうめいしょがひつようなんだろう	なんでそんなところに身分証明書が必要なんだろう	なんでそんな所に身分証明書が必要なんだろう	style:other
なんとかおわりがみえてきた	何とか終わりが見えてきた	なんとか終わりが見えてきた	style:other
なんのはなしだかわからないかもしれない	なんの話だかわからないかもしれない	なんの話だか分からないかもしれない	style:分かる→わかる
なんらこんきょのないむせきにんなおくそく	何ら根拠のない無責任な憶測	何ら根拠の無い無責任な憶測	style:無い→ない
なんわまでごらんになりました？	何話までご覧になりました？	何話までご覧になりました?	punctuation_style
にほんごじまくはないのです。	日本語字幕はないのです。	日本語字幕は無いのです。	style:無い→ない
ねことはくらしたことないですから、	猫とは暮らしたことないですから、	猫とは暮らしたこと無いですから、	style:無い→ない
ねたにはなりそうにないですな	ネタにはなりそうにないですな	ネタにはなりそうに無いですな	style:無い→ない
ねっとにあくせすできないところ	ネットにアクセスできないところ	ネットにアクセスできない所	style:other
ねておけばよかった	寝ておけばよかった	寝ておけば良かった	style:良かった→よかった
ねむいほうがせんざいのうりょくがはっきされたりしないかな	眠いほうが潜在能力が発揮されたりしないかな	眠い方が潜在能力が発揮されたりしないかな	style:方→ほう
ねんきんせいどについてはふかいぎろんがのぞまれるが、	年金制度については深い議論が望まれるが、	年金制度については深い議論が望まれるが,	punctuation_style
のびのないすとれーとをなげるぴっちゃー	伸びのないストレートを投げるピッチャー	伸びの無いストレートを投げるピッチャー	style:無い→ない
のみかいのあれんじはだれがやるのですか？	飲み会のアレンジは誰がやるのですか？	飲み会のアレンジは誰がやるのですか?	punctuation_style
はいせつぶつのしょりがどうなっているかはわかりません。	排泄物の処理がどうなっているかはわかりません。	排泄物の処理がどうなっているかは分かりません。	style:分かる→わかる
はずれたところにある	外れたところにある	外れた所にある	style:other
はーとがたってどういうこと?	ハート型ってどういうこと?	ハート型ってどういうこと？	punctuation_style
ばすていにいったところ、	バス停に行ったところ、	バス停に行った所、	style:other
ばんごうがかいてあるというじょうほうしかない	番号が書いてあるという情報しかない	番号が書いてあるという情報しか無い	style:無い→ない
ばんめしをかるくくえるところへいかないですか	晩飯を軽く食えるところへ行かないですか	晩飯を軽く食える所へ行かないですか	style:other
ひくいところからのしゃしんかな	低いところからの写真かな	低い所からの写真かな	style:other
ひつようなもの	必要なもの	必要な物	style:物→もの
ひとからしかきふがうけとれないではないか？？	人からしか寄付が受け取れないではないか？？	人からしか寄付が受け取れないではないか??	punctuation_style
ひょうじされるわけではないので	表示されるわけではないので	表示されるわけでは無いので	style:無い→ない
へんこうしなくてもよかったのかなぁというきもします	変更しなくても良かったのかなぁという気もします	変更しなくてもよかったのかなぁという気もします	style:良かった→よかった
べっどをおくばしょがないなぁとおもったらあんのじょう	ベッドを置く場所がないなぁと思ったら案の定	ベッドを置く場所が無いなぁと思ったら案の定	style:無い→ない
ぺんぎんがきょうりゅうだったところまでおもいをはせてください。	ペンギンが恐竜だったところまで思いを馳せてください。	ペンギンが恐竜だった所まで思いを馳せてください。	style:other
ぺんぎんにえいこうあれ！	ペンギンに栄光あれ！	ペンギンに栄光あれ!	punctuation_style
ほとんどないね	ほとんどないね	ほとんど無いね	style:無い→ない
ほんだなをおくばしょがないな	本棚を置く場所がないな	本棚を置く場所が無いな	style:無い→ない
ほんらいおれのすべきことは	本来俺のすべきことは	本来俺のすべき事は	style:事→こと
まいかいおなじじゃないですか？	毎回同じじゃないですか？	毎回同じじゃないですか?	punctuation_style
まいにちだしているわけではないですからねえ	毎日出しているわけではないですからねえ	毎日出しているわけでは無いですからねえ	style:無い→ない
まけたとおもうひつようがないところで	負けたと思う必要がないところで	負けたと思う必要が無い所で	style:無い→ない
みずばかりのんでいたからかな？	水ばかり飲んでいたからかな？	水ばかり飲んでいたからかな?	punctuation_style
みそかつおいしすぎです	味噌カツおいしすぎです	味噌カツ美味しすぎです	style:美味→おいし
みたことないぱたーんにはひくいかくりつをわりあてる	見たことないパターンには低い確率を割り当てる	見たこと無いパターンには低い確率を割り当てる	style:無い→ない
むずかしいこといってる	難しいこと言ってる	難しい事言ってる	style:事→こと
むりなこともためしてみる	無理なことも試してみる	無理な事も試してみる	style:事→こと
めんたーときくとべつのものをおもいうかべる	メンターと聞くと別のものを思い浮かべる	メンターと聞くと別の物を思い浮かべる	style:物→もの
めんどうなことこのうえない。	面倒なことこの上ない。	面倒な事この上ない。	style:事→こと
もうすてられるぎじゅつなのでべつのことをやったほうがよいきがする	もう捨てられる技術なので別のことをやった方が良い気がする	もう捨てられる技術なので別の事をやった方が良い気がする	style:事→こと
もうちょっとてんかいはやくてもよかったですね	もうちょっと展開早くても良かったですね	もうちょっと展開早くてもよかったですね	style:良かった→よかった
もうちょっとようそをおとしてすっきりしてもよかったのかなとおもいます	もうちょっと要素を落としてすっきりしても良かったのかなと思います	もうちょっと要素を落としてすっきりしてもよかったのかなと思います	style:良かった→よかった
もちこみきんしにしてるところもあるな。	持ち込み禁止にしてるところもあるな。	持ち込み禁止にしてる所もあるな。	style:other
もっといいものくえばよい	もっといいもの食えば良い	もっと良い物食えば良い	style:良い→いい,物→もの
もどってきてもいばしょがないばあいがある	戻ってきても居場所がない場合がある	戻ってきても居場所が無い場合がある	style:無い→ない
ものすごいいっぱんてきなことをしゃべってるんですよ	ものすごい一般的なことを喋ってるんですよ	ものすごい一般的な事を喋ってるんですよ	style:事→こと
もののおきばにこまる	ものの置き場に困る	物の置き場に困る	style:物→もの
もんだいがないかかくにんしていただけないでしょうか	問題がないか確認していただけないでしょうか	問題が無いか確認していただけないでしょうか	style:無い→ない
やくしてあるぶぶんもいろいろびみょうのようなきもします	訳してある部分もいろいろ微妙のような気もします	訳してある部分も色々微妙のような気もします	style:色々→いろいろ
やるひつようはない	やる必要はない	やる必要は無い	style:無い→ない
ゆうちょうなことをいってられなかったのー	悠長なことを言ってられなかったのー	悠長な事を言ってられなかったのー	style:事→こと
ゆきがふればいいのに	雪が降ればいいのに	雪が降れば良いのに	style:良い→いい
ゆきのないひでも	雪のない日でも	雪の無い日でも	style:無い→ない
よくわからない	よくわからない	よく分からない	style:分かる→わかる
よやくならばいい	予約ならばいい	予約ならば良い	style:良い→いい
よりよいものになるよう	より良いものになるよう	より良い物になるよう	style:物→もの
りべんとなることをいとしてさくせいしました	利便となることを意図して作成しました	利便となる事を意図して作成しました	style:事→こと
れいぞうこのなかのものがくさりやすくなってきました。	冷蔵庫の中のものが腐りやすくなってきました。	冷蔵庫の中の物が腐りやすくなってきました。	style:物→もの
れいぶんをいろいろとついかする	例文を色々と追加する	例文をいろいろと追加する	style:other
わざわざいえにいくほどのことはない	わざわざ家に行くほどのことはない	わざわざ家に行くほどの事は無い	style:無い→ない,事→こと
わたしがほんとうにほしいもの	私が本当に欲しいもの	私が本当に欲しい物	style:物→もの
わたしのところは、しゅうまつにしょくりょうをまとめがいして、	私のところは、週末に食料をまとめ買いして、	私の所は、週末に食料をまとめ買いして、	style:other
わりにぱふぉーまんすはいい	割にパフォーマンスはいい	割にパフォーマンスは良い	style:良い→いい
わるいところもしっています。	悪いところも知っています。	悪い所も知っています。	style:other
われわれのすこーぷからはずれているのですがどうおかんがえでしょうか？	我々のスコープから外れているのですがどうお考えでしょうか？	我々のスコープから外れているのですがどうお考えでしょうか?	punctuation_style
あきらめてこっちにするべきか	諦めてこっちにするべきか	あきらめてこっちにするべきか	corpus_expects_hiragana
あれはあれでしかたがない。	あれはあれで仕方がない。	あれはあれでしかたがない。	corpus_expects_hiragana
いがいなひとがたすけてくれてうれしいいっぽう	意外な人が助けてくれて嬉しい一方	意外な人が助けてくれてうれしい一方	style:うれしい→嬉しい
いつのまにかそばにきてうれしそうに	いつの間にかそばに来て嬉しそうに	いつの間にかそばに来てうれしそうに	style:うれしい→嬉しい
いろいろとえいきょうがでてきてるのではやくほしいのですよ	いろいろと影響が出てきてるので早くほしいのですよ	いろいろと影響が出てきてるので早く欲しいのですよ	style:ほしい→欲しい
うわさにきいていたとおりのやすさ	噂に聞いていた通りの安さ	噂に聞いていたとおりの安さ	style:とおり→通り
おかんむりだったので	御冠だったので	おかんむりだったので	corpus_expects_hiragana
けいきげんそく	契機減速	けいきげんそく	corpus_expects_hiragana
げいとしてつづけてほしいとはおもうものの	芸として続けてほしいとは思うものの	芸として続けて欲しいとは思うものの	style:ほしい→欲しい
げんさくはまったくしりませんが	原作は全く知りませんが	原作はまったく知りませんが	style:まったく→全く
こうべのときはたぶん	神戸の時は多分	神戸の時はたぶん	style:たぶん→多分
これがたぶんしちょうしゃのみたかったもので	これが多分視聴者の見たかったもので	これがたぶん視聴者の見たかったもので	style:たぶん→多分
これほどうれしいことはありません	これほど嬉しいことはありません	これほどうれしいことはありません	corpus_expects_hiragana
ごしてきのとおり	ご指摘の通り	ご指摘のとおり	style:とおり→通り
さきのめーるのとおり	先のメールの通り	先のメールのとおり	style:とおり→通り
さくじょしてくれるとうれしいです	削除してくれると嬉しいです	削除してくれるとうれしいです	style:うれしい→嬉しい
さんのおっしゃるとおりだとおもいます	さんのおっしゃる通りだと思います	さんのおっしゃるとおりだと思います	style:とおり→通り
しおのほうがおいしかったですよ	塩の方が美味しかったですよ	塩の方がおいしかったですよ	style:おいしい→美味しい
しるなしたんたんめんはおいしい	汁無し坦々麺は美味しい	汁無し坦々麺はおいしい	style:おいしい→美味しい
すさまじかったです	凄まじかったです	すさまじかったです	corpus_expects_hiragana
すさまじかったですね	凄まじかったですね	すさまじかったですね	corpus_expects_hiragana
すべてそろった	全て揃った	すべて揃った	style:すべて→全て
すべてのいぞんかんけいがいんすとーるできません	全ての依存関係がインストールできません	すべての依存関係がインストールできません	style:すべて→全て
すべてのいぞんかんけいをいんすとーるできませんでした	全ての依存関係をインストールできませんでした	すべての依存関係をインストールできませんでした	style:すべて→全て
それがすべてのぜんていです	それが全ての前提です	それがすべての前提です	style:すべて→全て
それはたぶんだいじょうぶですよ	それは多分大丈夫ですよ	それはたぶん大丈夫ですよ	style:たぶん→多分
それはたぶんむりときづきました	それは多分無理と気づきました	それはたぶん無理と気づきました	style:たぶん→多分
たしかにそういうひとたちもうれしいでしょうけど	確かにそういう人たちも嬉しいでしょうけど	確かにそういう人たちもうれしいでしょうけど	style:うれしい→嬉しい
たぶんおおくが	多分多くが	たぶん多くが	style:たぶん→多分
たぶんおたからえいぞうを	多分お宝映像を	たぶんお宝映像を	style:たぶん→多分
たぶんじつげんはしないんじゃないかとおもいます	多分実現はしないんじゃないかと思います	たぶん実現はしないんじゃないかと思います	style:たぶん→多分
たぶんそのぐらいだとおもいます	多分そのぐらいだと思います	たぶんそのぐらいだと思います	style:たぶん→多分
たぶんりそうにちかいのは	多分理想に近いのは	たぶん理想に近いのは	style:たぶん→多分
つっこむべきところなんだろうか	突っ込む冪ところなんだろうか	つっこむべきところなんだろうか	corpus_expects_hiragana
でいけるようになったのが	で行けるようになったのが	でいけるようになったのが	corpus_expects_hiragana
でもたぶんこれって	でも多分これって	でもたぶんこれって	corpus_expects_hiragana
とてもおいしいです	とても美味しいです	とてもおいしいです	corpus_expects_hiragana
どようのいべんとにはぜひさんかしてほしい	土曜のイベントには是非参加してほしい	土曜のイベントには是非参加して欲しい	style:ほしい→欲しい
ながくつかうことをかんがえるとこんかいのへんこうてんはうれしいですけど	長く使うことを考えると今回の変更点は嬉しいですけど	長く使うことを考えると今回の変更点はうれしいですけど	style:うれしい→嬉しい
なめるなよ	舐めるなよ	なめるなよ	corpus_expects_hiragana
なんともない	何ともない	なんともない	corpus_expects_hiragana
につっこみます	にツッコミます	につっこみます	corpus_expects_hiragana
のとおりに	の通りに	のとおりに	corpus_expects_hiragana
のままでいくんですかね	のままで行くんですかね	のままでいくんですかね	corpus_expects_hiragana
はずなのですが	はずなのですが	筈なのですが	style:はず→筈
はたぶんむり	は多分無理	はたぶん無理	style:たぶん→多分
ひどさがよくわかるのぉ	酷さがよくわかるのぉ	ひどさがよくわかるのぉ	corpus_expects_hiragana
ひょうだいのとおりですが	表題の通りですが	表題のとおりですが	style:とおり→通り
ぺーじにかいてあるとおりなんですけど	ページに書いてある通りなんですけど	ページに書いてあるとおりなんですけど	style:とおり→通り
まったくあてにならないさいきょうのとりあわせですが	全く当てにならない最強の取り合わせですが	まったく当てにならない最強の取り合わせですが	style:まったく→全く
まったくいしきしてなかったんで	全く意識してなかったんで	まったく意識してなかったんで	style:まったく→全く
まったくそのとおりで	全くその通りで	まったくその通りで	style:まったく→全く
まったくのぼれるきがしない	全く登れる気がしない	まったく登れる気がしない	style:まったく→全く
まったくもんだいありませんし	全く問題ありませんし	まったく問題ありませんし	style:まったく→全く
まったくわけがわかりません	全くわけがわかりません	まったくわけがわかりません	corpus_expects_hiragana
みそかつおいしすぎです	味噌カツおいしすぎです	味噌カツ美味しすぎです	style:おいしい→美味しい
めんしきがないはず	面識がないはず	面識がない筈	style:はず→筈
もうそうするしか	妄想するしか	もうそうするしか	corpus_expects_hiragana
もっとたまってからください	もっと溜まってからください	もっとたまってからください	corpus_expects_hiragana
やまにのぼりたいとはまったくおもいません	山に登りたいとは全く思いません	山に登りたいとはまったく思いません	style:まったく→全く
やみはすべてをとかす	闇は全てを溶かす	闇はすべてを溶かす	style:すべて→全て
やりとりしたことがあったので	やり取りしたことがあったので	やりとりしたことがあったので	corpus_expects_hiragana
わからなくなりつつあります	分からなくなりつつあります	わからなくなりつつあります	corpus_expects_hiragana
をふくむすべてをひょうじ	を含む全てを表示	を含むすべてを表示	style:すべて→全て
きた	着た	来た	short_ambiguous
きもいり	肝煎	肝煎り	short_ambiguous
けいきげんそく	契機減速	けいきげんそく	short_ambiguous
こぶり	小ぶり	小降り	short_ambiguous
ごばん	五番	語版	short_ambiguous
ごまかす	ごまかす	誤魔化す	short_ambiguous
ごますり	胡麻擂り	胡麻すり	short_ambiguous
さんそう	山荘	三相	short_ambiguous
しゃたつ	社建つ	社逹	short_ambiguous
しゅつず	出ず	出図	short_ambiguous
しゅとう	種痘	手刀	short_ambiguous
そこう	素行	粗鋼	short_ambiguous
たんそう	炭層	単相	short_ambiguous
だいめは	だいめは	台目は	short_ambiguous
とびきり	とびきり	飛び切り	short_ambiguous
なでがた	なで肩	撫で肩	short_ambiguous
なまゆで	生ゆで	生茹で	short_ambiguous
なをなす	なをなす	名を成す	short_ambiguous
ふんご	フン語	分後	short_ambiguous
みます	みます	見ます	short_ambiguous
めしくえ	飯くえ	飯食え	short_ambiguous
もうだめ	もうだめ	もうダメ	short_ambiguous
もちやで	餅屋で	持ち家で	short_ambiguous
ようかぐ	よう家具	洋家具	short_ambiguous
よきかな	よ気かな	良き哉	short_ambiguous
わって	割って	話って	short_ambiguous
わですな	わですな	話ですな	short_ambiguous
わを	わを	話を	short_ambiguous
いつもとかわらずできそうなのでしょうか	いつもと変わらずできそうなのでしょうか	いつもと変わらず出来そうなのでしょうか	style:出来→でき
いまはすきーはできないんですよ。	今はスキーはできないんですよ。	今はスキーは出来ないんですよ。	style:出来→でき
おもしろいはなしがたくさんあります。	面白い話がたくさんあります。	面白い話が沢山あります。	style:沢山→たくさん
からーしゃしんもきれいだとおもえました	カラー写真もきれいだと思えました	カラー写真も綺麗だと思えました	style:綺麗→きれい
きょうかいしゃでへんかんできなかったたんごは	今日会社で変換できなかった単語は	今日会社で変換出来なかった単語は	style:出来→でき
きれいにおわりました	きれいに終わりました	綺麗に終わりました	style:綺麗→きれい
きれいにさくらがさいている	きれいに桜が咲いている	綺麗に桜が咲いている	style:綺麗→きれい
これによりまきかえしをはかることができるでしょうか	これにより巻き返しを図ることができるでしょうか	これにより巻き返しを図ることが出来るでしょうか	style:出来→でき
そのようなひとはよのなかにたくさんいて、	そのような人は世の中にたくさんいて、	そのような人は世の中に沢山いて、	style:沢山→たくさん
たいざいできないでしょう。	滞在できないでしょう。	滞在出来ないでしょう。	style:出来→でき
たいふうによりこくどうがかんすいしたため、しゅうらくがこりつした	台風により国道が冠水したため、集落が孤立した	台風により国道が冠水した為、集落が孤立した	style:為→ため
たのしそうにできた	楽しそうにできた	楽しそうに出来た	style:出来→でき
でんちがきれてにゅうりょくできませんでした。	電池が切れて入力できませんでした。	電池が切れて入力出来ませんでした。	style:出来→でき
ねんのためおくっておきます。	念の為送っておきます。	念のため送っておきます。	style:為→ため
ぱっちをあてればできるかもしれないが	パッチを当てればできるかもしれないが	パッチを当てれば出来るかもしれないが	style:出来→でき
ふるいままなのであくせすできませんでした	古いままなのでアクセスできませんでした	古いままなのでアクセス出来ませんでした	style:出来→でき
ほとんどせんだいきんこうでしか	ほとんど仙台近郊でしか	殆ど仙台近郊でしか	style:殆ど→ほとんど
ほんとにきれいにはいりますね	ほんとに綺麗に入りますね	ほんとにきれいに入りますね	style:綺麗→きれい
みぢかなばしょにしぜんたくさんあってよいですね。	身近な場所に自然たくさんあって良いですね。	身近な場所に自然沢山あって良いですね。	style:沢山→たくさん
むさべつにつかうことができれば、	無差別に使うことができれば、	無差別に使うことが出来れば、	style:出来→でき
わかくてきれいなおんなのこは	若くて綺麗な女の子は	若くてきれいな女の子は	style:綺麗→きれい
わりときれいだ	割ときれいだ	割と綺麗だ	style:綺麗→きれい
あまりにていはつねつかつせいおんで	あまりに低発熱かつ静音で	余りに低発熱かつ静音で	style:余り↔あまり
いきのでんしゃおよびかいしゃでねむけとたたかった	行きの電車および会社で眠気と戦った	行きの電車及び会社で眠気と戦った	style:及び↔および
いそうとくせいのへんかがなく	位相特性の変化がなく	位相特性の変化が無く	style:無く↔なく
おなじばーじょんがすでにいんすとーるされています	同じバージョンが既にインストールされています	同じバージョンがすでにインストールされています	style:既に↔すでに
おやはなくともこはそだつ	親はなくとも子は育つ	親は無くとも子は育つ	style:無く↔なく
きくじかんがなくなりそうですが。	聞く時間がなくなりそうですが。	聞く時間が無くなりそうですが。	style:無く↔なく
きゅうじつはいえにいるよりは、がいしゅつしたほうがすずしいですね。	休日は家にいるよりは、外出した方が涼しいですね。	休日は家に居るよりは、外出した方が涼しいですね。	style:居る↔いる
げんだんかいですでに	現段階で既に	現段階ですでに	style:既に↔すでに
こーぱすのこうちくおよびあくせすをおこなう	コーパスの構築およびアクセスを行う	コーパスの構築及びアクセスを行う	style:及び↔および
すでにらいばるたすう	既にライバル多数	すでにライバル多数	style:既に↔すでに
せいかなくしゅうりょうした	成果なく終了した	成果無く終了した	style:無く↔なく
ただし、	ただし、	但し、	style:但し↔ただし
ついにふなびんはなくなったか。	ついに船便はなくなったか。	ついに船便は無くなったか。	style:無く↔なく
つかいかたにとくにもんだいとなるてんはなく	使い方に特に問題となる点はなく	使い方に特に問題となる点は無く	style:無く↔なく
どのひならいるかをきいておく。	どの日ならいるかを聞いておく。	どの日なら居るかを聞いておく。	style:居る↔いる
なくてはならない	なくてはならない	無くてはならない	style:無く↔なく
なくもがな	なくもがな	無くもがな	style:無く↔なく
なにくれとなく	何くれとなく	何くれと無く	style:無く↔なく
にはすでにはいっていますね	には既に入っていますね	にはすでに入っていますね	style:既に↔すでに
はやくふろにはいらないとねるじかんがなくなる	早く風呂に入らないと寝る時間がなくなる	早く風呂に入らないと寝る時間が無くなる	style:無く↔なく
ゆーざのにゅうりょくからがくしゅうされたでーたおよびとうろくされたたんごは	ユーザの入力から学習されたデータおよび登録された単語は	ユーザの入力から学習されたデータ及び登録された単語は	style:及び↔および
よけいにやるきがなくなる	余計にやる気がなくなる	余計にやる気が無くなる	style:無く↔なく
れこーどがいしゃのきょかなくちゃくうたをはいしんした	レコード会社の許可なく着うたを配信した	レコード会社の許可無く着うたを配信した	style:無く↔なく
このはがきはさいせいしです	このハガキは再生紙です	この葉書は再製紙です	corpus_questionable:再製紙→再生紙
けさはよくひえた	今朝はよく冷えた	今朝は良く冷えた	style:良く→よく
このきせつ、いなかにいたころはよくたべてました。	この季節、田舎にいた頃はよく食べてました。	この季節、田舎にいた頃は良く食べてました。	style:良く→よく
こんねんどのけっさんをよくみせることがもくてきのようです	今年度の決算をよく見せることが目的のようです	今年度の決算を良く見せることが目的のようです	style:良く→よく
しかしよくできていますね。	しかしよくできていますね。	しかし良くできていますね。	style:良く→よく
しったかはよくないですね	知ったかはよくないですね	知ったかは良くないですね	style:良く→よく
ちょーくのこなはめによくない	チョークの粉は目によくない	チョークの粉は目に良くない	style:良く→よく
としをとるとものわすれがよくてこまる	年を取ると物忘れが良くて困る	年を取ると物忘れがよくて困る	style:良く→よく
とてもけしきもよくきもちのいいしつげん	とても景色もよく気持ちのいい湿原	とても景色も良く気持ちのいい湿原	style:良く→よく
よりよくするために	よりよくするために	より良くするために	style:良く→よく
かみならぬみのしるよしもなし	神ならぬ身の知る由もなし	神ならぬ身の知る由も無し	style:無し→なし
きょかをもらってにっきのぶんしょうをしゃきょうする	許可をもらって日記の文章を写経する	許可を貰って日記の文章を写経する	style:貰→もら
きれいにいんじできてよかったですよ	きれいに印字できて良かったですよ	綺麗に印字できてよかったですよ	style:綺麗→きれい,よかった→良かった
ごへんかんにからんだかいすうがいっていかいすうをこえると	誤変換に絡んだ回数が一定回数を超えると	誤変換にからんだ回数が一定回数を越えると	style:からんだ→絡んだ
さびしいきはします	寂しい気はします	さびしい気はします	style:さびし→寂し
しるなしたんたんめんをたべた	汁無し坦々麺を食べた	汁なし坦々麺を食べた	style:なし→無し
そんなものをもらってもおくばしょにこまるな	そんなものをもらっても置く場所に困るな	そんな物を貰っても置く場所に困るな	style:貰→もら,物→もの
たくさんもらっても	たくさんもらっても	沢山貰っても	style:貰→もら,沢山→たくさん
みるひつようなし	見る必要なし	見る必要無し	style:無し→なし
ろーまじにゅうりょくがめんどうなくていいですね	ローマ字入力が面倒なくていいですね	ローマ字入力が面倒無くて良いですね	style:無く→なく,良い→いい
さけのみのくせにけんこうだ	酒飲みの癖に健康だ	酒飲みのくせに健康だ	style:癖↔くせ
「みちゃだめ」	「見ちゃだめ」	「見ちゃダメ」	style:ダメ↔だめ
あれはだめですね	あれはだめですね	あれはダメですね	style:ダメ↔だめ
いちやにしてごみやまとかした	一夜にしてごみ山と化した	一夜にしてゴミ山と化した	style:ゴミ↔ごみ
おまえらどっちもあほだな	お前らどっちもあほだな	お前らどっちもアホだな	style:アホ↔あほ
けんりってあほかと	権利ってあほかと	権利ってアホかと	style:アホ↔あほ
これぐらいでおどろいていてはだめです	これぐらいで驚いていてはだめです	これぐらいで驚いていてはダメです	style:ダメ↔だめ
こんなことになるとはよそうしてませんでしたよまじで	こんなことになるとは予想してませんでしたよまじで	こんなことになるとは予想してませんでしたよマジで	style:マジ↔まじ
ごみはとうじつのあさまでにだしましょう	ごみは当日の朝までに出しましょう	ゴミは当日の朝までに出しましょう	style:ゴミ↔ごみ
ごみはぶんべつはいきしてください	ごみは分別廃棄してください	ゴミは分別廃棄してください	style:ゴミ↔ごみ
さいじっこうしないとだめ	再実行しないとだめ	再実行しないとダメ	style:ダメ↔だめ
じぎょうけいごみのゆうりょうか	事業系ごみの有料化	事業系ゴミの有料化	style:ゴミ↔ごみ
すみません、ふぁいるはじぶんでさくせいしないとだめかもしれません	すみません、ファイルは自分で作成しないとだめかもしれません	すみません、ファイルは自分で作成しないとダメかもしれません	style:ダメ↔だめ
ぜったいぱすじゃないとだめ	絶対パスじゃないとだめ	絶対パスじゃないとダメ	style:ダメ↔だめ
それはだめですね	それはだめですね	それはダメですね	style:ダメ↔だめ
そんなあほな	そんなあほな	そんなアホな	style:アホ↔あほ
そんなあほな！	そんなあほな！	そんなアホな!	style:アホ↔あほ
たいおうしなきゃだめですけど	対応しなきゃだめですけど	対応しなきゃダメですけど	style:ダメ↔だめ
だめすぎますね	だめすぎますね	ダメすぎますね	style:ダメ↔だめ
だめそうなきがしますな	だめそうな気がしますな	ダメそうな気がしますな	style:ダメ↔だめ
だめなかのうせいがあるということですか	だめな可能性があるということですか	ダメな可能性があるということですか	style:ダメ↔だめ
だめになるかのうせいもあるので	だめになる可能性もあるので	ダメになる可能性もあるので	style:ダメ↔だめ
とくにせれぶでもないのにいいとしこいてしょうかくしないのはだめですか？	特にセレブでもないのにいい年こいて昇格しないのはだめですか？	特にセレブでもないのにいい年こいて昇格しないのはダメですか?	style:ダメ↔だめ
どちらかでなくてはだめということはないです	どちらかでなくてはだめということはないです	どちらかでなくてはダメということはないです	style:ダメ↔だめ
なんとかしないとだめなすくえないじょうきょう	何とかしないとだめな救えない状況	何とかしないとダメな救えない状況	style:ダメ↔だめ
にかいたらだめということですかね	に書いたらだめということですかね	に書いたらダメということですかね	style:ダメ↔だめ
のばあいはそうたいぱすじゃないとだめで	の場合は相対パスじゃないとだめで	の場合は相対パスじゃないとダメで	style:ダメ↔だめ
はぜんぜんだめなのでやりますけど	は全然だめなのでやりますけど	は全然ダメなのでやりますけど	style:ダメ↔だめ
ばいとでもてをくわえたらだめそうにみえますね	バイトでも手を加えたらだめそうに見えますね	バイトでも手を加えたらダメそうに見えますね	style:ダメ↔だめ
まじでみるかちないです	まじで見る価値ないです	マジで見る価値ないです	style:マジ↔まじ
もうちょっとまじめにめいろのつくりかたをかんがえないとだめだな	もうちょっと真面目に迷路の作り方を考えないとだめだな	もうちょっと真面目に迷路の作り方を考えないとダメだな	style:ダメ↔だめ
ようきほうそうごみ	容器包装ごみ	容器包装ゴミ	style:ゴミ↔ごみ
りりーすしなきゃだめですよね	リリースしなきゃだめですよね	リリースしなきゃダメですよね	style:ダメ↔だめ
ろーかるでためしてもだめだったのでべつのほうほうをかんがえる	ローカルで試してもだめだったので別の方法を考える	ローカルで試してもダメだったので別の方法を考える	style:ダメ↔だめ
わすれちゃだめですよ	忘れちゃだめですよ	忘れちゃダメですよ	style:ダメ↔だめ
たばたくんのことかな	田畑勲のことかな	田畑君の事かな	corpus_outdated:田畑勲(サッカー選手)
いつのまにそんなにちからをつけていたんだろう	いつの間にそんなに力をつけていたんだろう	いつの間にそんなに力を付けていたんだろう	style:付け↔つけ
だんだんめんどうになってきたのですが、	だんだん面倒になってきたのですが、	段々面倒になってきたのですが、	style:段々↔だんだん
ちょうさしていただきありがとうございました	調査していただきありがとうございました	調査していただき有難うございました	style:有難う↔ありがとう
でーもんにひとのなまえをつけてるんですか	デーモンに人の名前をつけてるんですか	デーモンに人の名前を付けてるんですか	style:付け↔つけ
にしてもいいよというものいがいうけつけないことにしました	にしてもいいよというもの以外受け付けないことにしました	にしてもいいよというもの以外受けつけないことにしました	style:付け↔つけ
みそをつける	味噌をつける	味噌を付ける	style:付け↔つけ
めーかのかんむりつけただけなのはじょがい	メーカの冠つけただけなのは除外	メーカの冠付けただけなのは除外	style:付け↔つけ
かりとうろくとほんとうろくのちがいはなんですか？	仮登録と本登録の違いはなんですか？	仮登録と本登録の違いは何ですか?	style:何で↔なんで
どようびにしまっていたのでなんでだろ	土曜日にしまっていたのでなんでだろ	土曜日にしまっていたので何でだろ	style:何で↔なんで
なぜかじゅうでんできずに	何故か充電できずに	なぜか充電できずに	style:何故↔なぜ
なんでうちだとだいじょうぶなんでしょうなぁ	なんでうちだと大丈夫なんでしょうなぁ	何でうちだと大丈夫なんでしょうなぁ	style:何で↔なんで
なんでこんなにたかいところなんだろう？	なんでこんなに高いところなんだろう？	何でこんなに高いところなんだろう？	style:何で↔なんで
めもりりーくするのはなんでだろう	メモリリークするのはなんでだろう	メモリリークするのは何でだろう	style:何で↔なんで
でゅあるでつかってもうまくきょうちょうしてうごいてくれない	デュアルで使ってもうまく協調して動いてくれない	デュアルで使ってもうまく強調して動いてくれない	corpus_wrong:強調→協調が正しい
でんあつかけながらはんだづけしたのですか？	電圧かけながらはんだ付けしたのですか？	電圧かけながらハンダ付けしたのですか?	style:ハンダ↔はんだ
とーくもしごとのうちとかんがえているふしがある	トークも仕事のうちと考えている節がある	トークも仕事のうちと考えているフシがある	style:フシ↔節
いまいちというのがていせつですからね	いまいちというのが定説ですからね	いまいちと言うのが定説ですからね	style:と言う↔という
おりたたんでください	折りたたんでください	折り畳んでください	style:畳んで↔たたんで
というげんいんがかんがえられます。	という原因が考えられます。	と言う原因が考えられます。	style:と言う↔という
というてんで	という点で	と言う点で	style:と言う↔という
となりのひとがにもつをたたんでいた	隣の人が荷物を畳んでいた	隣の人が荷物をたたんでいた	style:畳んで↔たたんで
となりのやつのでんわがうるさい	隣のやつの電話がうるさい	隣の奴の電話がうるさい	style:奴↔やつ
とびらをあけたらまずいものをもくげきしてしまう	扉を開けたらまずいものを目撃してしまう	扉を開けたらマズい物を目撃してしまう	style:マズい→まずい,物→もの
あのせんをこえればきのうにたどりつく	あの線を超えれば昨日にたどり着く	あの線を越えれば昨日にたどり着く	style:越え↔こえ,超え↔こえ
いつかのぼれるちからがつくんでしょうか。	いつか登れる力がつくんでしょうか。	いつか登れる力が付くんでしょうか。	style:付く↔つく
きづかずにきょねんとおなじねたをやってしまった	気づかずに去年と同じネタをやってしまった	気付かずに去年と同じネタをやってしまった	style:気付↔気づ
こえればおおいのに	超えれば多いのに	越えれば多いのに	style:越え↔こえ,超え↔こえ
じっさいにもくげきするまでうたがうようそはなかったわけです	実際に目撃するまで疑う要素はなかったわけです	実際に目撃するまで疑う要素は無かったわけです	style:無かった↔なかった
すこしはちからがついているのがわかる	少しは力がついているのがわかる	少しは力が付いているのが分かる	style:分かる↔わかる,付い↔つい
たいるのしたがわについている	タイルの下側についている	タイルの下側に付いている	style:付い↔つい
ちいさいころはわだいについていけなかった	小さい頃は話題についていけなかった	小さい頃は話題に付いていけなかった	style:付い↔つい
てぶくろがついている	手袋がついている	手袋が付いている	style:付い↔つい
とりにいったけどなかった	取りに行ったけどなかった	取りに行ったけど無かった	style:無かった↔なかった
どういうふうにおーそらいずされればほんものというのかわからないですが	どういうふうにオーソライズされれば本物というのかわからないですが	どういう風にオーソライズされれば本物というのか分からないですが	style:物↔もの,分からない↔わからない,風に↔ふうに
なまけぐせがつく	怠け癖がつく	怠け癖が付く	style:癖↔くせ,付く↔つく
はこえています	は超えています	は越えています	style:越え↔こえ,超え↔こえ
はこえてます	は超えてます	は越えてます	style:越え↔こえ,超え↔こえ
ひるごはんがつく	昼ご飯がつく	昼ご飯が付く	style:付く↔つく
りすとをながめてみたけどさぷらいずはなかったです	リストを眺めてみたけどサプライズはなかったです	リストを眺めてみたけどサプライズは無かったです	style:無かった↔なかった
をこえることはほぼかくじつなじょうせいですが	を超えることはほぼ確実な情勢ですが	を越えることはほぼ確実な情勢ですが	style:越え↔こえ,超え↔こえ
をこえるときろくできなくなるようです	を超えると記録できなくなるようです	を越えると記録できなくなるようです	style:越え↔こえ,超え↔こえ
かんじへんかんがおばかだというしてきがながくつづいていましたが、	漢字変換がお馬鹿だという指摘が長く続いていましたが、	漢字変換がおバカだという指摘が長く続いていましたが、	style:バカ↔馬鹿
それならばかでもできるし	それなら馬鹿でもできるし	それならバカでもできるし	style:バカ↔馬鹿
ばかにはばかなりのいきかたがある	馬鹿には馬鹿なりの生き方がある	バカにはバカなりの生き方がある	style:バカ↔馬鹿
かぜひきそうなじょうきょう	風邪ひきそうな状況	風邪引きそうな状況	style:訳↔わけ,引き↔ひき
ひきこもってげーむしていたわけですが	ひきこもってゲームしていたわけですが	引きこもってゲームしていた訳ですが	style:訳↔わけ,引き↔ひき
わけはない	わけはない	訳はない	style:訳↔わけ,引き↔ひき
きょうはふどうさんやにいってひっこしさきのぶっけんをえらんできました	今日は不動産屋に行って引っ越し先の物件を選んできました	今日は不動産屋に行って引越し先の物件を選んできました	style:引越し↔引っ越し
ひっこしのじゅんびはたいへんですねえ	引っ越しの準備は大変ですねえ	引越しの準備は大変ですねえ	style:引越し↔引っ越し
うーん、わりととおいとおもいますけどねぇ	うーん、割と遠いと思いますけどねぇ	うーん、わりと遠いと思いますけどねぇ	style:割と↔わりと
ちばもわりとむてきなかんじなんですか	千葉も割と無敵な感じなんですか	千葉もわりと無敵な感じなんですか	style:割と↔わりと
わりとかんたんだとおもいますけどね	割と簡単だと思いますけどね	わりと簡単だと思いますけどね	style:割と↔わりと
わりとなつかしいきゃらですね	割と懐かしいキャラですね	わりと懐かしいキャラですね	style:割と↔わりと
こうぼからうまれた	公募から生まれた	酵母から生まれた	short_ambiguous:酵母/公募
そくどがこうじょうしたにもかかわらず	速度が向上したにもかかわらず	速度が向上したにも関わらず	style:関わらず↔かかわらず
とくにしぜんとのかかわりのなかではぐくまれた	特に自然との関わりの中で育まれた	特に自然とのかかわりの中で育まれた	style:関わり↔かかわり
あしたはあさはやいからねる	明日は朝早いからねる	明日は朝早いから寝る	style:寝る↔ねる
おれのとなりでねてるよ	俺の隣でねてるよ	俺の隣で寝てるよ	style:寝て↔ねて
きょうはさっさとねることにします	今日はさっさとねることにします	今日はさっさと寝ることにします	style:寝る↔ねる
ねてるんだけど	ねてるんだけど	寝てるんだけど	style:寝て↔ねて
ねるのでいそがしいようです。	ねるので忙しいようです。	寝るので忙しいようです。	style:寝る↔ねる
ねるまえのいめとれですかね。	ねる前のイメトレですかね。	寝る前のイメトレですかね。	style:寝る↔ねる
のこしつつほんとにねるですよ	残しつつほんとにねるですよ	残しつつほんとに寝るですよ	style:寝る↔ねる
はやくかえってすうじかんねる	早く帰って数時間ねる	早く帰って数時間寝る	style:寝る↔ねる
まったりねるのがもくひょう	まったりねるのが目標	まったり寝るのが目標	style:寝る↔ねる
かるくききかんをおぼえるできごとですね	軽く危機感を覚える出来事ですね	軽く危機感を覚えるできごとですね	style:できごと↔出来事
きょうはなんだかげんきがいい	今日はなんだか元気がいい	今日は何だか元気がいい	style:何だか↔なんだか
なにかのみものとってくる	なにか飲み物取って来る	何か飲み物とってくる	style:何か↔なにか,取って来る↔とってくる
こくないばんもでるよていで	国内版も出る予定で	国内盤も出る予定で	style:盤↔版
しょうせつはおもしろかった	小説は面白かった	小説はおもしろかった	style:おもしろい↔面白い
やみよのからす	闇夜のカラス	闇夜の烏	style:烏↔カラス
てこでもうごかない	てこでも動かない	梃子でも動かない	style:梃子↔てこ
どうしようもないほどみたいなら	どうしようもないほど見たいなら	どうしようもない程見たいなら	style:程↔ほど
でんちがよわくなってきたみたいだと	電池が弱くなってきたみたいだと	電池が弱くなって来たみたいだと	style:来た↔きた
わがくににとどまらず	我が国にとどまらず	わが国にとどまらず	style:わが国↔我が国
はげたいさくをすすめている	禿対策を進めている	ハゲ対策を進めている	style:ハゲ↔禿
あのおかまでいくにはどうすればよいですか？	あの丘まで行くにはどうすればよいですか？	あの丘まで行くにはどうすれば良いですか?	style:良い↔よい
のどごしがよくない	のどごしがよくない	喉ごしが良くない	style:喉ごし↔のどごし+良く↔よく
たががゆるむ	たがが緩む	箍が緩む	style:箍↔たが
ねつをあげる	熱を上げる	熱をあげる	style:あげる↔上げる
やめておいたほうがよいだろう	やめておいた方が良いだろう	止めておいた方が良いだろう	style:止めて↔やめて
だんじてゆるすわけにはいかない	断じて許すわけには行かない	断じて許すわけにはいかない	style:いかない↔行かない
くつしたとずぼんのすそのあいだ	靴下とズボンの裾のあいだ	靴下とズボンの裾の間	style:間↔あいだ
いちにちごとに	一日ごとに	一日毎に	style:毎に↔ごとに
めあどがしょうめつしてもかまいません	メアドが消滅してもかまいません	メアドが消滅しても構いません	style:構い↔かまい
ついにしゅとこうでびゅーですか	ついに首都高デビューですか	遂に首都高デビューですか	style:遂に↔ついに
なげかわしいわがくにのげんじょうなのです	嘆かわしい我が国の現状なのです	嘆かわしいわが国の現状なのです	style:わが国↔我が国
まともににほんごにゅうりょくできるようになるひがくるとはおもえないんですよねぇ	まともに日本語入力できるようになる日が来るとは思えないんですよねぇ	まともに日本語入力できるようになる日がくるとは思えないんですよねぇ	style:くる↔来る
でんわばんごうがでてくるきもしますが	電話番号が出て来る気もしますが	電話番号が出てくる気もしますが	style:てくる↔て来る
したまちじょうちょあふれる	下町情緒あふれる	下町情緒溢れる	style:溢れる↔あふれる
せつだんされているのではないかというかせつをたててみましたが	切断されているのではないかという仮説を立てて見ましたが	切断されているのではないかという仮設を立ててみましたが	style:仮設↔仮説,みた↔見た
くまをやせいのままに	熊を野生のままに	熊を野性のままに	style:野性↔野生
おとのしんどうをずがいこつにつたえてないじでかんじとる	音の振動を頭蓋骨に伝えて内耳で感じ取る	音の振動を頭骸骨に伝えて内耳で感じ取る	style:頭骸骨↔頭蓋骨
こうかいされてももんだいのない	公開されても問題のない	公開されても問題野内	corpus_wrong:問題野内→問題のない
いいきょくは、どんながっきでえんそうしてもきくにたえます。	良い曲は、どんな楽器で演奏しても聴くに耐えます。	いい曲は、どんな楽器で演奏しても聞くに耐えます。	style:良い→いい,聴く→聞く
もみあいがつづいている	もみ合いが続いている	揉み合いが続いている	style:揉み合い→もみ合い
うのまねをするからす	鵜の真似をする烏	鵜のまねをするカラス	style:真似→まね,烏→カラス
はなしがかみあわない	話がかみ合わない	話が噛み合わない	style:噛み合わない→かみ合わない
おおぞらをおよぐこいのぼりにまけないように	大空を泳ぐ鯉幟に負けないように	大空を泳ぐ鯉のぼりに負けないように	style:鯉のぼり→鯉幟
いえとかいしゃのあいだでもってあるいていたら、	家と会社の間で持って歩いていたら、	家と会社のあいだで持って歩いていたら、	style:あいだ→間
そこがしれている	底が知れている	そこが知れている	style:そこ→底
ぶんせつのながさをれいぶんでしめされたものにあわせる	文節の長さを例文で示された物にあわせる	文節の長さを例文で示されたものに合わせる	style:物→もの
のみくいででたごみをぜんぶくるまではこんでもらった	飲み食いで出たゴミを全部車で運んでもらった	飲み食いで出たごみを全部くるまで運んでもらった	style:ゴミ→ごみ,車→くるま
はらどけいがなる	腹時計が鳴る	腹時計がなる	style:なる→鳴る
ひっこしさきはいまのへやよりせまくなるのでたいへんです。	引越先は今の部屋より狭くなるので大変です。	引っ越し先は今の部屋より狭くなるので大変です。	style:引っ越し先→引越先
とっつきがわるい	取っ付きが悪い	とっつきが悪い	style:とっつき→取っ付き
つゆといいつつあめがふらないようなので、	梅雨といいつつ雨が降らないようなので、	つゆと言いつつ雨が降らないようなので、	style:つゆ→梅雨,言いつつ→いいつつ
つつがなくしゅうりょうしました	恙無く終了しました	つつがなく終了しました	style:つつがなく→恙無く
ぜんぜんおぼえてなくてだめぽ	全然覚えてなくてだめぽ	全然覚えてなくて駄目ぽ	style:駄目→だめ
ぶしつよってじゅうでんしてからかえる	部室寄って充電してから帰る	部室よって充電してから帰る	style:よって→寄って
ごらんください	ご覧ください	ごらんください	style:ごらん→ご覧
つかいかたぜんぜんわかってないのですが	使い方全然分かってないのですが	使い方全然わかってないのですが	style:分かる→わかる
なごやでみそかつにしたづつみ	名古屋で味噌カツに舌鼓	名古屋で味噌かつに舌鼓	style:かつ→カツ
ごくいちぶのさいと	極一部のサイト	ごく一部のサイト	style:ごく→極
とんちんかんな	頓珍漢な	とんちんかんな	style:とんちんかん→頓珍漢
どうやらいっぴきのかをいえにまねきいれてしまったようだ。	どうやら一匹の蚊を家に招き入れてしまったようだ。	どうやら一疋のかを家に招き入れてしまったようだ。	style:一疋→一匹,か→蚊
みぎといえばひだり	右と言えば左	右といえば左	style:いえば→言えば
しんぷるすぎて	シンプル過ぎて	シンプルすぎて	style:すぎて→過ぎて
ってかなってないとだめです	ってかなってないとダメです	ってかなってないと駄目です	style:駄目→ダメ
そんなややこしいつみをせおっていきるのはつらい	そんなややこしい罪を背負って生きるのは辛い	そんなややこしい罪を背負って生きるのはつらい	style:つらい→辛い
いかようにもへんこうできるとおもいます	いかようにも変更できると思います	如何様にも変更できると思います	style:如何様→いかよう
そのあとはもうなんでもいいです	その後はもうなんでもいいです	そのあとはもうなんでもいいです	style:あと→後
いまのところはみるよてい	いまのところは見る予定	今のところは見る予定	style:今→いま
じかんをはかればぼとるねっくはみつかりますね	時間を計ればボトルネックは見つかりますね	時間を測ればボトルネックは見つかりますね	style:測れば→計れば
きみではうまくできない	君では上手くできない	君ではうまくできない	style:うまく→上手く
そのかばんをおいてでかけるのはむりだろう	そのカバンを置いて出かけるのは無理だろう	その鞄を置いて出かけるのは無理だろう	style:鞄→カバン
ほしいものがあって	欲しい物があって	ほしいものがあって	style:欲しい→ほしい,物→もの
ちかてつはえらいちかをはしるんですな	地下鉄はエラい地下を走るんですな	地下鉄はえらい地下を走るんですな	style:えらい→エラい
けいきづけに	景気付けに	景気づけに	style:づけ→付け
みんなそうおもうとおもうよ	みんなそう思うと思うよ	みんなそう思うと想うよ	style:想う→思う
せかいからとりのこされるだけなので	世界からとり残されるだけなので	世界から取り残されるだけなので	style:取り→とり
でんきがついていなかったのでとおりすぎて	電気が点いていなかったので通り過ぎて	電気がついていなかったので通り過ぎて	style:ついて→点いて
あわびのかたおもい	鮑の片思い	鮑の片想い	style:片想い→片思い
あすのてんきびみょうですね。	明日の天気微妙ですね。	あすの天気微妙ですね。	style:あす→明日
わたしがとうちゃくするいっしゅうかんぐらいまえ	私が到着する一週間位前	私が到着する一週間ぐらい前	style:ぐらい→位
なんてすてればいいのに	何て捨てればいいのに	なんて捨てればいいのに	style:なんて→何て
とんびにあぶらあげをさらわれる	鳶に油揚げをさらわれる	とんびに油揚げをさらわれる	style:とんび→鳶
かいものだ。。。	買い物だ…	買い物だ。。。	punctuation_style
まわりのひとがすごいだけ	まわりの人が凄いだけ	周りの人がすごいだけ	style:周り→まわり,すごい→凄い
せけんばなしできないとびよういんはつらい	世間話できないと美容院は辛い	世間話できないと美容院はつらい	style:つらい→辛い
したをかむ	舌を噛む	したを噛む	style:した→舌
しながらみるようにはなりました	しながら見るようにはなりました	しながら見るようにはなリマした	corpus_wrong:corpus側の「なリマした」が明らかな誤表記
よしんやつなみにおびえながら	余震や津波に怯えながら	余震や津波におびえながら	style:おびえ/怯え はどちらも自然な表記揺れ
なんならにちようびにおわたししますけど	なんなら日曜日にお渡ししますけど	何なら日曜日にお渡ししますけど	style:なんなら/何なら はどちらも自然な表記
あつめはじめてから	集め始めてから	集めはじめてから	style:はじめて/始めて は補助動詞として両方自然
というかんてんでいえば	という観点で言えば	という観点でいえば	style:いえば/言えば はどちらも自然な表記
そもそもそのだんかいまできてない	そもそもその段階まで来てない	そもそもその段階まできてない	style:きて/来て はどちらも自然な表記
すぎたるはなおおよばざるがごとし	過ぎたるはなお及ばざるが如し	過ぎたるはなお及ばざるがごとし	style:ごとし/如し はどちらも自然な表記
したにいどう	したに移動	下に移動	style:した/下 はどちらも自然な表記
ちきゅうじょうでせいめいがはっせいしたのはたんなるぐうぜんではないかと	地球上で生命が発生したのは単なる偶然ではないかと	地球上で生命が発生したのは単なる偶然では無いかと	style:無い/ない はどちらも自然な表記揺れ
かなりまえからほかのにまけるようなじょうきょうではなかった	かなり前からほかのに負けるような状況ではなかった	かなり前から他のに負けるような状況ではなかった	style:ほか/他 はどちらも自然な表記揺れ
しょうせつもまんがも	小説も漫画も	小説もマンガも	style:マンガ/漫画 はどちらも自然な表記揺れ
もっといっぱいでーたをあつめることができればよいのですが	もっといっぱいデータを集めることができればよいのですが	もっといっぱいデータを集めることができれば良いのですが	style:良い/よい はどちらも自然な表記揺れ
をみていたときもおもったのですが	を見ていた時も思ったのですが	を見ていたときも思ったのですが	style:とき/時 はどちらも自然な表記揺れ
とりやめる	取りやめる	取り止める	style:止める/やめる はどちらも自然な表記
きろくをさくじょしてもよいか	記録を削除しても良いか	記録を削除してもよいか	style:よい/良い はどちらも自然な表記揺れ
いひょうをつく	意表をつく	意表を衝く	style:衝く/つく はどちらも自然な表記
このまちにきたのははじめてだ	この町にきたのは初めてだ	この街に来たのは初めてだ	style:街/町、来た/きた はどちらも自然な表記揺れ
がっちりつかんであうとにした	がっちり掴んでアウトにした	ガッチリ掴んでアウトにした	style:ガッチリ/がっちり はどちらも自然な表記揺れ
きれいにおわってはいますが	綺麗に終わってはいますが	きれいに終わってはいますが	style:きれい/綺麗 はどちらも自然な表記揺れ
どのていどうまくいくかわかりませんね	どの程度うまく行くかわかりませんね	どの程度うまくいくかわかりませんね	style:「いく/行く」は補助動詞的用法で表記揺れ
やせいのこにはけんこうによくない	野生の子には健康によくない	野性の子には健康に良くない	style:「野性/野生」「良くない/よくない」はいずれも表記揺れ
かれからはへんじがまだなかろう	彼からは返事がまだなかろう	彼からは返事がまだ無かろう	style:「無かろう/なかろう」は表記揺れ
ほうこくされていないぱっちのありかをごぞんじのかたは	報告されていないパッチの在処をご存知の方は	報告されていないパッチのありかをご存知の方は	style:「ありか/在処」は表記揺れ。漢字表記の方が稀
みだしなみ	身だしなみ	身嗜み	style:「身嗜み/身だしなみ」は表記揺れ。ひらがな交じりの方が一般的
すでになんめいのかたからか	既に何名の方からか	すでに何名の方からか	style:「すでに/既に」は表記揺れ
といれぐらいひとりでいけ	トイレぐらいひとりで行け	トイレぐらい一人で行け	style:「一人/ひとり」は表記揺れ
そこへもってきて	そこへ持って来て	そこへ持ってきて	style:「きて/来て」は表記揺れ。慣用句的用法でひらがなが自然だが許容範囲
かいがてんをみにいきました。	絵画展を見に行きました。	絵画展を見にいきました。	style:「いきました/行きました」は表記揺れ
このこたえわかるか	この答えわかるか	この答分かるか	style:「答/答え」の送り仮名差、「分かる/わかる」は表記揺れ
とおりかかる	通りかかる	通り掛かる	style:「掛かる/かかる」は表記揺れ
あうんのこきゅう	阿吽の呼吸	呵吽の呼吸	corpus_wrong:「阿吽」が正しい表記。corpus側の「呵吽」は誤り
おもしろいたいとるですが	面白いタイトルですが	おもしろいタイトルですが	style:「おもしろい/面白い」は表記揺れ
げんがく4じゅうそうきょく	弦楽4重奏曲	弦楽四重奏曲	style:「四重奏/4重奏」は数字表記の揺れ
しっかりとこしまでつかる	しっかりと腰まで浸かる	しっかりと腰までつかる	style:「つかる/浸かる」は表記揺れ
おんげんはないようです。	音源はないようです。	音源は無いようです。	style:「無い/ない」は表記揺れ
みどころのある	見どころのある	見所のある	style:「見所/見どころ」は表記揺れ
ごまをする	ごまをする	ゴマをする	style:「ゴマ/ごま」はカタカナ・ひらがなの表記揺れ
ほんのひとにぎりの	ほんのひと握りの	ほんの一握りの	style:「一握り/ひと握り」は表記揺れ
つけがまわってくる	つけが回ってくる	付けが回ってくる	style:「付け/つけ」は表記揺れ
なんかめーるきてましたね	なんかメール来てましたね	なんかメールきてましたね	style:「きて/来て」は表記揺れ
ぜんこくのだいがくなどをちゅうしんにもういをふるう	全国の大学などを中心に猛威を振るう	全国の大学などを中心に猛威をふるう	style:「猛威をふるう」はひらがな表記も「振るう」も両方自然
のうきがせまるなどかいはつがいそがしい	納期が迫るなど開発が忙しい	納期が迫る等開発が忙しい	style:「等」と「など」はどちらも自然な表記
がぞうのるいじせいにめをつけたけんさく	画像の類似性に目を付けた検索	画像の類似性に目をつけた検索	style:「目をつけた」と「目を付けた」はどちらも自然な表記
そんけいのねんさえいだいていた	尊敬の念さえいだいていた	尊敬の念さえ抱いていた	style:「抱いて」と「いだいて」はどちらも自然な表記
どのくらいなのか	どのくらいなのか	どの位なのか	style:「位」と「くらい」はどちらも自然な表記
あーいうことをかいたらきょひはんのうがでるのはしかたないとおもいます	あーいうことを書いたら拒否反応が出るのは仕方ないと思います	あー言うことを書いたら拒否反応が出るのは仕方ないと思います	style:「あー言う」と「あーいう」はどちらも自然な表記
きょうはよいひょうじょうがたくさんみられたとおもいます。	今日は良い表情がたくさん見られたと思います。	今日はよい表情がたくさん見られたと思います。	style:「よい」と「良い」はどちらも自然な表記
むくのがめんどくさいので。	剥くのがめんどくさいので。	剥くのが面倒くさいので。	style:「面倒くさい」と「めんどくさい」はどちらも自然な表記
だめおしをする	ダメ押しをする	駄目押しをする	style:「駄目押し」と「ダメ押し」はどちらも自然な表記
はるやさいのうまみをあじわう	春野菜の旨味を味わう	春野菜のうまみを味わう	style:「うまみ」と「旨味」はどちらも自然な表記
なかだるみ	中だるみ	中弛み	style:「中弛み」と「中だるみ」はどちらも自然な表記
おとこはしばらくのあいだぽかんとくちをあけて	男はしばらくのあいだぽかんと口を開けて	男はしばらくの間ポカンと口を開けて	style:「間」と「あいだ」、「ポカン」と「ぽかん」はどちらも自然
みこしをあげる	御輿をあげる	みこしを上げる	style:「みこし」と「御輿」、「上げる」と「あげる」の表記揺れ。双方向の違い
おなかがすいていないことで	お腹がすいていないことで	お腹が空いていないことで	style:「空いて」と「すいて」はどちらも自然な表記
いまをときめく	今をときめく	今を時めく	style:「時めく」と「ときめく」はどちらも自然な表記
みなさんほとんどぜんいんのこってた	皆さんほとんど全員残ってた	皆さん殆ど全員残ってた	style:「殆ど」と「ほとんど」はどちらも自然な表記
なんていうこまんどを	なんていうコマンドを	何ていうコマンドを	style:「何て」と「なんて」はどちらも自然な表記
とうもろこしのゆでかた	トウモロコシの茹で方	とうもろこしのゆで方	style:とうもろこし/トウモロコシ、ゆで方/茹で方（カタカナ・漢字の表記揺れ）
ふつうにかぶかさがってるからよくわからん	普通に株価下がってるからよくわからん	普通に株価下がってるからよく分からん	style:分からん→わからん（ひらがな/漢字の表記揺れ）
くだらないしつもんばかりでつらかった	くだらない質問ばかりで辛かった	下らない質問ばかりで辛かった	style:下らない→くだらない（ひらがな/漢字の表記揺れ）
きょうのゆうしょくはひとりでたべます	今日の夕食はひとりで食べます	今日の夕食は一人で食べます	style:一人→ひとり（ひらがな/漢字の表記揺れ）
おへんじこなかったんだよなぁ	御返事こなかったんだよなぁ	お返事来なかったんだよなぁ	style:お返事→御返事、来なかった→こなかった（表記揺れ）
つぎでうまくいくことをかくにんしました	次でうまく行くことを確認しました	次でうまくいくことを確認しました	style:うまくいく→うまく行く（補助動詞のひらがな/漢字の表記揺れ）
あとのことはどうでもいいですよ	あとのことはどうでもいいですよ	後のことは同でもいいですよ	corpus_wrong:corpus側が「同でもいい」（正しくは「どうでもいい」）
ふぁんのあいだではにんきがある	ファンのあいだでは人気がある	ファンの間では人気がある	style:間→あいだ（ひらがな/漢字の表記揺れ）
ねたてきにはけっこうおもしろかったですね	ネタ的には結構面白かったですね	ネタ的には結構おもしろかったですね	style:おもしろかった→面白かった（ひらがな/漢字の表記揺れ）
おやのこころこしらず	親の心子しらず	親の心子知らず	style:知らず→しらず（ひらがな/漢字の表記揺れ）
まんがきっさになんどかいくおかねでかえる	漫画喫茶に何度か行くお金で買える	漫画喫茶に何度か行くお金で変える	corpus_wrong:corpus側が「変える」（漫画喫茶のお金で「買える」が正しい）
さいしょからわかっていることだった	最初からわかっていることだった	最初から分かっている事だった	style:分かっている事→わかっていること（ひらがな/漢字の表記揺れ）
にしゅうかんだとりょうしゅうしょうはもっていけないですね	二週間だと領収証は持って行けないですね	二週間だと領収証は持っていけないですね	style:持っていけない→持って行けない（補助動詞の表記揺れ）
ひょうじゅんとひひょうじゅんでわけたのですよ	標準と非標準で分けたのですよ	標準と非標準でわけたのですよ	style:わけた→分けた（ひらがな/漢字の表記揺れ）
がんけんきゅうのぶんやでせかいさいせんたん	がん研究の分野で世界最先端	癌研究の分野で世界最先端	style:癌→がん（表記スタイルの差）
りりーすだなんだと	リリースだなんだと	リリースだ何だと	style:何だ→なんだ（ひらがな/漢字の表記揺れ）
ぐるっとまわってこない	ぐるっと回って来ない	グルッと回って来ない	style:グルッと→ぐるっと（カタカナ/ひらがなの表記揺れ）
ごくいちぶならもんだいない	ごく一部なら問題無い	ごく一部なら問題ない	style:ない→無い（表記スタイルの差）
べつにびびりませんよ	別にビビリませんよ	別にビビりませんよ	style:ビビり→ビビリ（カタカナ送り仮名の差）
めをこらしてみる	目を凝らして見る	目を凝らしてみる	style:補助動詞「みる→見る」
まぁたいしたみすではないとおもいますけど	まぁ大したミスではないと思いますけど	まぁたいしたミスではないと思いますけど	style:たいした→大した（ひらがな/漢字の表記揺れ）
みかけによらず	見かけによらず	見掛けによらず	style:見掛け→見かけ（送り仮名の差）
こたえをききたいわけじゃありません。	答えを聞きたい訳じゃありません。	答えを聞きたいわけじゃありません。	style:わけ→訳（ひらがな/漢字の表記揺れ）
それはじゅうぶんすぎるりゆうですね	それは十分すぎる理由ですね	それは充分すぎる理由ですね	style:充分→十分（同義漢字の差）
ぜんあるばむりみっくす＆りますたーしてはつばいしてほしいのですけど	全アルバムリミックス＆リマスターして発売してほしいのですけど	全アルバムリミックス&リマスターして発売してほしいのですけど	style:全角＆→半角&の差
にんげんがなく	人間がなく	人間が泣く	style:泣く→なく（ひらがな/漢字の表記揺れ）
がつかえないのはつらい	が使えないのはつらい	が使えないのは辛い	style:辛い→つらい（ひらがな/漢字の表記揺れ）
めんどくさければやめていただければと	面倒臭ければやめていただければと	面倒くさければやめていただければと	style:面倒くさければ→面倒臭ければ（送り仮名の差）
なつをおもわせるひざしに	夏を思わせる日差しに	夏を思わせる陽射しに	style:陽射し→日差し（表記スタイルの差）
たぶんさいほうそうがあるとおもうので	多分再放送があると思うので	たぶん再放送があると思うので	style:たぶん→多分（ひらがな/漢字の表記揺れ）
ひつじがなく	羊がなく	羊が鳴く	style:鳴く→なく（ひらがな/漢字の表記揺れ）
うごかないそふとがぞくぞくでてくるよりましかもしれないけど	動かないソフトが続々出てくるよりマシかもしれないけど	動かないソフトが続々出てくるよりましかもしれないけど	style:まし→マシ（ひらがな/カタカナの差）
ひとりでやってるならかまわない	ひとりでやってるなら構わない	一人でやってるなら構わない	style:一人→ひとり（ひらがな/漢字の表記揺れ）
くまなくさがす	くまなく探す	隈なく探す	style:隈なく→くまなく（ひらがな/漢字の表記揺れ）
きゅうばしのぎ	急場しのぎ	急場凌ぎ	style:凌ぎ→しのぎ（ひらがな/漢字の表記揺れ）
れこーどがいしゃっていうけどれこーどみたことあるんですか？	レコード会社っていうけどレコード見たことあるんですか？	レコード会社って言うけどレコード見たことあるんですか?	style:全角？→半角?＋って言う→っていう（表記スタイルの差）
100％をこえるふかにたえる	100％を超える負荷に耐える	100%を越える負荷に耐える	style:越える→超える＋全角％→半角%（表記スタイルの差）
